{
    "Бизнес-аналитик": 134339.58739626553,
    "Аналитик": 125838.45891869537,
    "BI-аналитик, аналитик данных": 135485.09760726077,
    "Дата-сайентист": 164383.46970673074,
    "Продуктовый аналитик": 158463.32681818178,
    "Маркетолог-аналитик": 130731.25,
    "Системный аналитик": 161713.66937782808
}