{
    "Удаленная работа": 147489.27425457587,
    "Гибкий график": 149152.19456521745,
    "Полный день": 130120.6021167366,
    "Сменный график": 99005.465625,
    "Вахтовый метод": 72000.0
}